image_id,fft_mag_mean,fft_mag_std,fft_low_energy,fft_mid_energy,fft_high_energy,fft_cfg
img_0001,2400.2919921875,8161.27392578125,4244.2294921875,2279.4140625,2278.616943359375,fft_v2_dummy
img_0002,2370.232666015625,8170.5537109375,4382.0576171875,2218.22705078125,2248.450439453125,fft_v2_dummy
img_0003,2343.05419921875,8179.833984375,4360.97607421875,2245.550048828125,2190.935546875,fft_v2_dummy
img_0004,2410.23779296875,8107.48974609375,4446.650390625,2376.661865234375,2221.382080078125,fft_v2_dummy
img_0005,2398.26904296875,8146.3974609375,4468.71728515625,2309.87548828125,2235.839599609375,fft_v2_dummy
