image_id,clip_feat_001,clip_feat_002,clip_feat_003
img_0001,0.6136333110250917,0.5739735822689394,0.7821719677228158
img_0002,0.6433535123219848,0.27690945579078097,0.08463829477791263
img_0003,0.6440356612214764,0.12061967748051994,0.2645538166385021
img_0004,0.33408716958713236,0.834524831130759,0.9032613741201759
img_0005,0.5110883730980377,0.9410614396542225,0.9107005248991934
