image_id,pred_score,pred_label_optional,uncertainty
img_0001,0.0,ai_like,0.0
img_0002,0.3286032586198749,ai_like,0.6572065172397498
img_0003,0.2225406712149948,ai_like,0.44508134242998953
img_0004,0.9999999998843987,real_like,2.312026126105593e-10
img_0005,0.9218499574804719,real_like,0.15630008503905612
