model,n_train,n_eval,accuracy,f1,auroc,auprc
XGBoost,12,4,1.0,1.0,1.0,1.0
SVM,12,4,0.75,0.8,0.75,0.8333333333333333
MLP,12,4,0.75,0.8,0.75,0.8333333333333333
